category,name,quantity,price,image
Plants,Ourea Gust Jar,12,6.66,https://placekitten.com/200/200
Fashion,Seoul Wind River,10,6.66,https://placekitten.com/200/200
Housewares,Holy Sardine Vypren,2,6.66,https://placekitten.com/200/200
Housewares,Holy Glow Pot Dalt of Lemonwood,6,6.66,https://placekitten.com/200/200
Plants,Ourea Ocarina of Wind,24,6.66,https://placekitten.com/200/200
Lifestyle,rugby long boi,6,6.66,https://placekitten.com/200/200
Fashion,Pristina Railroad Car,9,6.66,https://placekitten.com/200/200
Fashion,Chisinau Calhoun Memorial Hospital,1,6.66,https://placekitten.com/200/200
Lifestyle,soccer they're good dogs Brent,20,6.66,https://placekitten.com/200/200
Lifestyle,league thicc doggo,1,6.66,https://placekitten.com/200/200
Beauty,Ourea Blondie,18,6.66,https://placekitten.com/200/200
Beauty,Erebus Caramel,19,6.66,https://placekitten.com/200/200
Beauty,Pontus Almond,3,6.66,https://placekitten.com/200/200
Housewares,Holy Helmets Uller of Hellholt,8,6.66,https://placekitten.com/200/200
Lifestyle,rugby union boop the snoot,14,6.66,https://placekitten.com/200/200
Fashion,Taipei Packard Sawmill,11,6.66,https://placekitten.com/200/200
Beauty,Hypnos Oatmeal,23,6.66,https://placekitten.com/200/200
Lifestyle,bull fighting thicc doggo,11,6.66,https://placekitten.com/200/200
Beauty,Nyx Butterscotch,6,6.66,https://placekitten.com/200/200
Lifestyle,bandy long boi,21,6.66,https://placekitten.com/200/200
Housewares,Holy Happenstance Myatt,16,6.66,https://placekitten.com/200/200
Plants,Pontus Sand Rod,22,6.66,https://placekitten.com/200/200
Housewares,Holy Stratosphere Norcross,2,6.66,https://placekitten.com/200/200
Lifestyle,cricket big ol' pupper,19,6.66,https://placekitten.com/200/200
Fashion,Havana Palmer House,14,6.66,https://placekitten.com/200/200
>>>>>>> 796e532741dfb76872e70e08e1765fa72d466fbc
